/*!40101 SET @OLD_CHARACTER_SET_CLIENT=@@CHARACTER_SET_CLIENT */;
/*!40101 SET NAMES utf8 */;
/*!50503 SET NAMES utf8mb4 */;
/*!40014 SET @OLD_FOREIGN_KEY_CHECKS=@@FOREIGN_KEY_CHECKS, FOREIGN_KEY_CHECKS=0 */;
/*!40101 SET @OLD_SQL_MODE=@@SQL_MODE, SQL_MODE='NO_AUTO_VALUE_ON_ZERO' */;

DROP DATABASE IF EXISTS `aukcija`;
CREATE DATABASE IF NOT EXISTS `aukcija` /*!40100 DEFAULT CHARACTER SET utf8 COLLATE utf8_unicode_ci */ /*!80016 DEFAULT ENCRYPTION='N' */;
USE `aukcija`;

DROP TABLE IF EXISTS `administrator`;
CREATE TABLE IF NOT EXISTS `administrator` (
  `administrator_id` int NOT NULL AUTO_INCREMENT,
  `username` varchar(50) NOT NULL,
  `password_hash` varchar(128) CHARACTER SET utf8mb4 COLLATE utf8mb4_0900_ai_ci NOT NULL,
  `created_at` timestamp NOT NULL DEFAULT CURRENT_TIMESTAMP,
  PRIMARY KEY (`administrator_id`) USING BTREE,
  UNIQUE KEY `uq_administrator_username` (`username`)
) ENGINE=InnoDB AUTO_INCREMENT=9 DEFAULT CHARSET=utf8mb4 COLLATE=utf8mb4_0900_ai_ci;

DELETE FROM `administrator`;
/*!40000 ALTER TABLE `administrator` DISABLE KEYS */;
INSERT INTO `administrator` (`administrator_id`, `username`, `password_hash`, `created_at`) VALUES
	(1, 'zekapeka', 'zekapeka1', '2020-06-07 03:35:28'),
	(2, 'natasica', 'F6ED0E76BDF2E6E2D8A3709C69E230921A57E1C20643D5953DB19DA98F9AC4DD4833A4BCA16349290A4130051E59AD2ACB216C48CF8B09C37C7D8766EE2165F7', '2020-06-07 03:35:52'),
	(3, 'pperic', 'AC4617DA53E646CCE8B7A184C64201378ECC84190BD39E368BF775E277BF4F20D0B67322A4854F8E26C8B49F35D777834AE2B82F8E2852B7677B488872BC4647', '2020-06-19 19:08:23'),
	(5, 'mmiric', '75DA78675599EA9939F6B58914D5DFD74C0848524DD480CFBA00C01202E95E26E2956E12E3180C7FF517AEE584A754FA51B8453E9444285707421D65916AC988', '2020-06-19 20:04:16'),
	(7, 'admin', 'C7AD44CBAD762A5DA0A452F9E854FDC1E0E7A52A38015F23F3EAB1D80B931DD472634DFAC71CD34EBC35D16AB7FB8A90C81F975113D6C7538DC69DD8DE9077EC', '2020-06-29 21:43:47'),
	(8, 'test', 'EE26B0DD4AF7E749AA1A8EE3C10AE9923F618980772E473F8819A5D4940E0DB27AC185F8A0E1D5F84F88BC887FD67B143732C304CC5FA9AD8E6F57F50028A8FF', '2020-07-01 02:53:14');
/*!40000 ALTER TABLE `administrator` ENABLE KEYS */;

DROP TABLE IF EXISTS `auction`;
CREATE TABLE IF NOT EXISTS `auction` (
  `auction_id` int unsigned NOT NULL AUTO_INCREMENT,
  `auction_name` varchar(128) NOT NULL DEFAULT '0',
  `user_id` int unsigned NOT NULL DEFAULT '0',
  `product_id` int unsigned NOT NULL DEFAULT '0',
  `status` enum('active','expired') NOT NULL DEFAULT 'active',
  `created_at` timestamp NOT NULL DEFAULT CURRENT_TIMESTAMP,
  `duration` datetime NOT NULL,
  PRIMARY KEY (`auction_id`),
  KEY `fk_auction_product_id` (`product_id`),
  KEY `fk_auction_user_id` (`user_id`),
  CONSTRAINT `fk_auction_product_id` FOREIGN KEY (`product_id`) REFERENCES `product` (`product_id`) ON DELETE RESTRICT ON UPDATE CASCADE,
  CONSTRAINT `fk_auction_user_id` FOREIGN KEY (`user_id`) REFERENCES `user` (`user_id`) ON DELETE RESTRICT ON UPDATE CASCADE
) ENGINE=InnoDB AUTO_INCREMENT=7 DEFAULT CHARSET=utf8mb4 COLLATE=utf8mb4_0900_ai_ci;

DELETE FROM `auction`;
/*!40000 ALTER TABLE `auction` DISABLE KEYS */;
INSERT INTO `auction` (`auction_id`, `auction_name`, `user_id`, `product_id`, `status`, `created_at`, `duration`) VALUES
	(6, 'Prodajem gitaru', 1, 1, 'active', '2020-06-26 22:33:33', '2020-07-03 23:33:36');
/*!40000 ALTER TABLE `auction` ENABLE KEYS */;

DROP TABLE IF EXISTS `category`;
CREATE TABLE IF NOT EXISTS `category` (
  `category_id` int unsigned NOT NULL AUTO_INCREMENT,
  `cat_name` varchar(128) NOT NULL DEFAULT '0',
  `image_path` varchar(128) NOT NULL,
  PRIMARY KEY (`category_id`),
  UNIQUE KEY `uq_category_cat_name` (`cat_name`) USING BTREE,
  UNIQUE KEY `uq_category_image_path` (`image_path`)
) ENGINE=InnoDB AUTO_INCREMENT=10 DEFAULT CHARSET=utf8mb4 COLLATE=utf8mb4_0900_ai_ci;

DELETE FROM `category`;
/*!40000 ALTER TABLE `category` DISABLE KEYS */;
INSERT INTO `category` (`category_id`, `cat_name`, `image_path`) VALUES
	(1, 'Računari i oprema', 'slike/pc.jpg'),
	(2, 'Mobilni telefoni', 'slike/mob.jpg'),
	(3, 'Knjige', 'slike/book.jpg'),
	(4, 'Za decu i bebe', 'slike/kids.jpg'),
	(5, 'Aksesoari', 'slike/aks.jpg'),
	(6, 'Obuća', 'slike/obuca.jpg'),
	(7, 'Za kućne ljubimce', 'slike/pets.jpg'),
	(8, 'Mašine i alati', 'slike/tools.jpg'),
	(9, 'Sportska oprema', 'slike/sport.jpg');
/*!40000 ALTER TABLE `category` ENABLE KEYS */;

DROP TABLE IF EXISTS `image`;
CREATE TABLE IF NOT EXISTS `image` (
  `image_id` int unsigned NOT NULL AUTO_INCREMENT,
  `image_path` varchar(128) NOT NULL DEFAULT '0',
  `product_id` int unsigned NOT NULL,
  PRIMARY KEY (`image_id`),
  UNIQUE KEY `uq_image_image_path` (`image_path`),
  KEY `fk_image_product_id` (`product_id`),
  CONSTRAINT `fk_image_product_id` FOREIGN KEY (`product_id`) REFERENCES `product` (`product_id`) ON DELETE RESTRICT ON UPDATE CASCADE
) ENGINE=InnoDB AUTO_INCREMENT=7 DEFAULT CHARSET=utf8mb4 COLLATE=utf8mb4_0900_ai_ci;

DELETE FROM `image`;
/*!40000 ALTER TABLE `image` DISABLE KEYS */;
INSERT INTO `image` (`image_id`, `image_path`, `product_id`) VALUES
	(1, 'images/lala/gitarica.jpg', 1),
	(2, 'images/lala/git.jpg', 1),
	(5, '202072-7330785814-tast2.jpg', 2),
	(6, '202072-4825671527-tast2.jpg', 2);
/*!40000 ALTER TABLE `image` ENABLE KEYS */;

DROP TABLE IF EXISTS `product`;
CREATE TABLE IF NOT EXISTS `product` (
  `product_id` int unsigned NOT NULL AUTO_INCREMENT,
  `product_name` varchar(128) NOT NULL DEFAULT '0',
  `description` text CHARACTER SET utf8mb4 COLLATE utf8mb4_0900_ai_ci NOT NULL,
  `category_id` int unsigned NOT NULL,
  `user_id` int unsigned NOT NULL,
  `created_at` timestamp NOT NULL DEFAULT CURRENT_TIMESTAMP,
  PRIMARY KEY (`product_id`),
  KEY `fk_product_category_id` (`category_id`),
  KEY `fk_product_user_id` (`user_id`),
  CONSTRAINT `fk_product_category_id` FOREIGN KEY (`category_id`) REFERENCES `category` (`category_id`) ON DELETE RESTRICT ON UPDATE CASCADE,
  CONSTRAINT `fk_product_user_id` FOREIGN KEY (`user_id`) REFERENCES `user` (`user_id`) ON DELETE RESTRICT ON UPDATE CASCADE
) ENGINE=InnoDB AUTO_INCREMENT=4 DEFAULT CHARSET=utf8mb4 COLLATE=utf8mb4_0900_ai_ci;

DELETE FROM `product`;
/*!40000 ALTER TABLE `product` DISABLE KEYS */;
INSERT INTO `product` (`product_id`, `product_name`, `description`, `category_id`, `user_id`, `created_at`) VALUES
	(1, 'Fenderova gitara', 'Skoro kao nova, nije ni koriscena', 5, 1, '2020-06-08 09:17:12'),
	(2, 'Fenderova gitara', 'Skoro kao nova, nije ni koriscena', 1, 2, '2020-06-08 09:18:01'),
	(3, 'Bicikl', 'Skoro pa nov bajs, ide kao besan', 9, 1, '2020-06-27 13:03:58');
/*!40000 ALTER TABLE `product` ENABLE KEYS */;

DROP TABLE IF EXISTS `product_price`;
CREATE TABLE IF NOT EXISTS `product_price` (
  `product_price_id` int unsigned NOT NULL AUTO_INCREMENT,
  `product_id` int unsigned NOT NULL,
  `price` decimal(10,2) unsigned NOT NULL,
  `created_at` timestamp NOT NULL DEFAULT CURRENT_TIMESTAMP,
  PRIMARY KEY (`product_price_id`) USING BTREE,
  KEY `fk_product_price_product_id` (`product_id`),
  CONSTRAINT `fk_product_price_product_id` FOREIGN KEY (`product_id`) REFERENCES `product` (`product_id`) ON UPDATE CASCADE
) ENGINE=InnoDB AUTO_INCREMENT=6 DEFAULT CHARSET=utf8mb4 COLLATE=utf8mb4_0900_ai_ci;

DELETE FROM `product_price`;
/*!40000 ALTER TABLE `product_price` DISABLE KEYS */;
INSERT INTO `product_price` (`product_price_id`, `product_id`, `price`, `created_at`) VALUES
	(1, 2, 1000.00, '2020-06-08 09:19:12'),
	(2, 1, 14000.00, '2020-06-08 09:19:28'),
	(3, 1, 16000.00, '2020-06-26 20:55:37'),
	(4, 2, 800.00, '2020-11-22 19:47:40'),
	(5, 1, 800.00, '2020-11-22 19:50:58');
/*!40000 ALTER TABLE `product_price` ENABLE KEYS */;

DROP TABLE IF EXISTS `user`;
CREATE TABLE IF NOT EXISTS `user` (
  `user_id` int unsigned NOT NULL AUTO_INCREMENT,
  `username` varchar(50) NOT NULL DEFAULT '0',
  `password_hash` varchar(128) CHARACTER SET utf8mb4 COLLATE utf8mb4_0900_ai_ci NOT NULL DEFAULT '0',
  `name` varchar(50) NOT NULL DEFAULT '0',
  `surname` varchar(50) NOT NULL DEFAULT '0',
  `number` varchar(50) NOT NULL DEFAULT '0',
  `email` varchar(50) CHARACTER SET utf8mb4 COLLATE utf8mb4_0900_ai_ci NOT NULL DEFAULT '0',
  `created_at` timestamp NOT NULL DEFAULT CURRENT_TIMESTAMP,
  PRIMARY KEY (`user_id`),
  UNIQUE KEY `uq_user_username` (`username`) USING BTREE,
  UNIQUE KEY `uq_user_email` (`email`)
) ENGINE=InnoDB AUTO_INCREMENT=11 DEFAULT CHARSET=utf8mb4 COLLATE=utf8mb4_0900_ai_ci;

DELETE FROM `user`;
/*!40000 ALTER TABLE `user` DISABLE KEYS */;
INSERT INTO `user` (`user_id`, `username`, `password_hash`, `name`, `surname`, `number`, `email`, `created_at`) VALUES
	(1, 'zeka1', '123456', 'Mirko', 'Milosevic', '9128391', 'mirkamirkovic@something.rs', '2020-06-08 09:13:09'),
	(2, 'lala', '5234324', 'Lala', 'Lalic', '2413441', 'lalalalic@yahoo.com', '2020-06-08 09:13:32'),
	(3, 'mika191', '37C1590864A1F7DB5F7FAD15FA06617D10A8410F7B3F6A9C9131AE3FBFE1A58DBED85F22D5ACF7BE5403E0716E2DC49B5187C36DC1BA07354D1A2932D9FBD5F3', 'Miroslav', 'Mitrovic', '+381661231225', 'test@test.rs', '2020-11-25 01:46:45'),
	(5, 'belihleb123', 'EEA5B4223D75FF9146514B3387A3821A006C6402E5B6EAB9777DA489032B476B46ADD519D561A96AA0DA80729860E730F97D5E8C8F59FC7E5B2C5F00D21DF6F2', 'Djurica', 'Jurica', '+381631231221', 'test3453123@gmail.com', '2020-11-27 02:49:59'),
	(7, 'asdfas', '4C0CA9028E8093C005E53AE2115F2EEDF00E0F3842154F481B19682E00FF1E9351119A5D81776812BC59EB19532639951FD00312D05FFCB42E90A1122F74747E', 'safdfa', 'sadfasfasdfs', '+3812342341341', 'asdff@yahoo.com', '2020-12-02 01:28:21'),
	(8, 'mika1911', '2F0E7A59DA28B6759D7740E229F7BA0BA53509C1F04DDD609A86470F6A644F6106E654C07675E9AC3547AA455669E65715179E03FD59D0FD82EDC67C80ACE9B0', 'Student privatnog fakulteta', 'asdfdasfasfs', '+3812342341345', 'asdfff@yahoo.com', '2020-12-02 01:33:39'),
	(9, 'mirkoenglez', '37C6CCB8245C9564801A7E5A7446075694663255F8900B369C2A9579FAE12576F64BDA3F54B0CBCBFE778CA958936675107B35C7A2307AC889991427B5BFCECD', 'Mirko', 'Maric', '+3812342341312', 'dzoniinglish@hotmail.rs', '2020-12-02 01:34:37'),
	(10, 'mirkoenglez1', '37C6CCB8245C9564801A7E5A7446075694663255F8900B369C2A9579FAE12576F64BDA3F54B0CBCBFE778CA958936675107B35C7A2307AC889991427B5BFCECD', 'Marko', 'Markovic', '+381224321341', 'dzoniinglish1@hotmail.rs', '2020-12-02 02:07:19');
/*!40000 ALTER TABLE `user` ENABLE KEYS */;

DROP TABLE IF EXISTS `user_token`;
CREATE TABLE IF NOT EXISTS `user_token` (
  `user_token_id` int unsigned NOT NULL AUTO_INCREMENT,
  `user_id` int unsigned NOT NULL,
  `created_at` timestamp NOT NULL DEFAULT CURRENT_TIMESTAMP,
  `token` text NOT NULL,
  `expires_at` datetime NOT NULL,
  `is_valid` tinyint NOT NULL DEFAULT '1',
  PRIMARY KEY (`user_token_id`),
  KEY `user_id` (`user_id`),
  CONSTRAINT `fk_user_token_user_id` FOREIGN KEY (`user_id`) REFERENCES `user` (`user_id`) ON UPDATE CASCADE
) ENGINE=InnoDB AUTO_INCREMENT=31 DEFAULT CHARSET=utf8mb4 COLLATE=utf8mb4_0900_ai_ci;

DELETE FROM `user_token`;
/*!40000 ALTER TABLE `user_token` DISABLE KEYS */;
INSERT INTO `user_token` (`user_token_id`, `user_id`, `created_at`, `token`, `expires_at`, `is_valid`) VALUES
	(1, 3, '2020-11-30 22:13:22', 'eyJhbGciOiJIUzI1NiIsInR5cCI6IkpXVCJ9.eyJyb2xlIjoidXNlciIsImlkIjozLCJ1c2VybmFtZSI6Im1pa2ExOTEiLCJleHAiOjE2MDk0NDkyMDIuMTQ4LCJpcCI6Ijo6MSIsInVhIjoiUG9zdG1hblJ1bnRpbWUvNy4yNi44IiwiaWF0IjoxNjA2NzcwODAyfQ.Ir8Gj1yGJqp0a3TbUTu24x5eootwJllPcj3RdpVmXq0', '2020-12-31 21:13:22', 1),
	(2, 3, '2020-12-02 01:27:48', 'eyJhbGciOiJIUzI1NiIsInR5cCI6IkpXVCJ9.eyJyb2xlIjoidXNlciIsImlkIjozLCJ1c2VybmFtZSI6Im1pa2ExOTEiLCJleHAiOjE2MDk1NDcyNjguNjAyLCJpcCI6Ijo6MSIsInVhIjoiTW96aWxsYS81LjAgKFdpbmRvd3MgTlQgMTAuMDsgV2luNjQ7IHg2NCkgQXBwbGVXZWJLaXQvNTM3LjM2IChLSFRNTCwgbGlrZSBHZWNrbykgQ2hyb21lLzg2LjAuNDI0MC4xOTggU2FmYXJpLzUzNy4zNiIsImlhdCI6MTYwNjg2ODg2OH0.5iz4V8aFQpCZQTseJhS9rUkNam0_svhdPU_EcoAYO5M', '2021-01-02 00:27:48', 1),
	(3, 3, '2020-12-02 01:28:01', 'eyJhbGciOiJIUzI1NiIsInR5cCI6IkpXVCJ9.eyJyb2xlIjoidXNlciIsImlkIjozLCJ1c2VybmFtZSI6Im1pa2ExOTEiLCJleHAiOjE2MDk1NDcyODEuODE0LCJpcCI6Ijo6MSIsInVhIjoiTW96aWxsYS81LjAgKFdpbmRvd3MgTlQgMTAuMDsgV2luNjQ7IHg2NCkgQXBwbGVXZWJLaXQvNTM3LjM2IChLSFRNTCwgbGlrZSBHZWNrbykgQ2hyb21lLzg2LjAuNDI0MC4xOTggU2FmYXJpLzUzNy4zNiIsImlhdCI6MTYwNjg2ODg4MX0.vG20qywLj8JxfPHzaHQuqEZy7UoZfUQDoWfygQIqhBk', '2021-01-02 00:28:01', 1),
	(4, 3, '2020-12-02 01:30:06', 'eyJhbGciOiJIUzI1NiIsInR5cCI6IkpXVCJ9.eyJyb2xlIjoidXNlciIsImlkIjozLCJ1c2VybmFtZSI6Im1pa2ExOTEiLCJleHAiOjE2MDk1NDc0MDYuMDQzLCJpcCI6Ijo6MSIsInVhIjoiTW96aWxsYS81LjAgKFdpbmRvd3MgTlQgMTAuMDsgV2luNjQ7IHg2NCkgQXBwbGVXZWJLaXQvNTM3LjM2IChLSFRNTCwgbGlrZSBHZWNrbykgQ2hyb21lLzg2LjAuNDI0MC4xOTggU2FmYXJpLzUzNy4zNiIsImlhdCI6MTYwNjg2OTAwNn0.AKnzIPh5KKRWUlHJlRo8bGi5uro8gg_jrHn-0aQX0nw', '2021-01-02 00:30:06', 1),
	(5, 3, '2020-12-02 01:33:03', 'eyJhbGciOiJIUzI1NiIsInR5cCI6IkpXVCJ9.eyJyb2xlIjoidXNlciIsImlkIjozLCJ1c2VybmFtZSI6Im1pa2ExOTEiLCJleHAiOjE2MDk1NDc1ODMuNzM5LCJpcCI6Ijo6MSIsInVhIjoiTW96aWxsYS81LjAgKFdpbmRvd3MgTlQgMTAuMDsgV2luNjQ7IHg2NCkgQXBwbGVXZWJLaXQvNTM3LjM2IChLSFRNTCwgbGlrZSBHZWNrbykgQ2hyb21lLzg2LjAuNDI0MC4xOTggU2FmYXJpLzUzNy4zNiIsImlhdCI6MTYwNjg2OTE4M30.Tg01yc2Nb1XA6OuSFtbJh3r2qpN8rNp_QEKkqDvDJrA', '2021-01-02 00:33:03', 1),
	(6, 9, '2020-12-02 01:35:07', 'eyJhbGciOiJIUzI1NiIsInR5cCI6IkpXVCJ9.eyJyb2xlIjoidXNlciIsImlkIjo5LCJ1c2VybmFtZSI6Im1pcmtvZW5nbGV6IiwiZXhwIjoxNjA5NTQ3NzA3LjY5MywiaXAiOiI6OjEiLCJ1YSI6Ik1vemlsbGEvNS4wIChXaW5kb3dzIE5UIDEwLjA7IFdpbjY0OyB4NjQpIEFwcGxlV2ViS2l0LzUzNy4zNiAoS0hUTUwsIGxpa2UgR2Vja28pIENocm9tZS84Ni4wLjQyNDAuMTk4IFNhZmFyaS81MzcuMzYiLCJpYXQiOjE2MDY4NjkzMDd9.JwmCv6CzW0zAgJt7o2cdBM-tjIaUiiuA4--DtjrKnP8', '2021-01-02 00:35:07', 1),
	(7, 9, '2020-12-02 01:35:29', 'eyJhbGciOiJIUzI1NiIsInR5cCI6IkpXVCJ9.eyJyb2xlIjoidXNlciIsImlkIjo5LCJ1c2VybmFtZSI6Im1pcmtvZW5nbGV6IiwiZXhwIjoxNjA5NTQ3NzI5LjE4MSwiaXAiOiI6OjEiLCJ1YSI6Ik1vemlsbGEvNS4wIChXaW5kb3dzIE5UIDEwLjA7IFdpbjY0OyB4NjQpIEFwcGxlV2ViS2l0LzUzNy4zNiAoS0hUTUwsIGxpa2UgR2Vja28pIENocm9tZS84Ni4wLjQyNDAuMTk4IFNhZmFyaS81MzcuMzYiLCJpYXQiOjE2MDY4NjkzMjl9.jwMK7es7jK2ZRV984NcEzNUKCmyQhZNYhvCR7LHitXo', '2021-01-02 00:35:29', 1),
	(8, 3, '2020-12-02 02:05:24', 'eyJhbGciOiJIUzI1NiIsInR5cCI6IkpXVCJ9.eyJyb2xlIjoidXNlciIsImlkIjozLCJ1c2VybmFtZSI6Im1pa2ExOTEiLCJleHAiOjE2MDk1NDk1MjQuOTI5LCJpcCI6Ijo6MSIsInVhIjoiTW96aWxsYS81LjAgKFdpbmRvd3MgTlQgMTAuMDsgV2luNjQ7IHg2NCkgQXBwbGVXZWJLaXQvNTM3LjM2IChLSFRNTCwgbGlrZSBHZWNrbykgQ2hyb21lLzg2LjAuNDI0MC4xOTggU2FmYXJpLzUzNy4zNiIsImlhdCI6MTYwNjg3MTEyNH0.b1aec3a7cw3kJ2vknyTDI9m2rRsZVc7z57X0Uw2F-cg', '2021-01-02 01:05:24', 1),
	(9, 3, '2020-12-02 02:05:53', 'eyJhbGciOiJIUzI1NiIsInR5cCI6IkpXVCJ9.eyJyb2xlIjoidXNlciIsImlkIjozLCJ1c2VybmFtZSI6Im1pa2ExOTEiLCJleHAiOjE2MDk1NDk1NTMuOTc1LCJpcCI6Ijo6MSIsInVhIjoiTW96aWxsYS81LjAgKFdpbmRvd3MgTlQgMTAuMDsgV2luNjQ7IHg2NCkgQXBwbGVXZWJLaXQvNTM3LjM2IChLSFRNTCwgbGlrZSBHZWNrbykgQ2hyb21lLzg2LjAuNDI0MC4xOTggU2FmYXJpLzUzNy4zNiIsImlhdCI6MTYwNjg3MTE1M30.J_PUbqwzKswkzWwqLv3T7KP59orrAg0QmK6ihHcXcDI', '2021-01-02 01:05:53', 1),
	(10, 10, '2020-12-02 02:07:48', 'eyJhbGciOiJIUzI1NiIsInR5cCI6IkpXVCJ9.eyJyb2xlIjoidXNlciIsImlkIjoxMCwidXNlcm5hbWUiOiJtaXJrb2VuZ2xlejEiLCJleHAiOjE2MDk1NDk2NjguNTEyLCJpcCI6Ijo6MSIsInVhIjoiTW96aWxsYS81LjAgKFdpbmRvd3MgTlQgMTAuMDsgV2luNjQ7IHg2NCkgQXBwbGVXZWJLaXQvNTM3LjM2IChLSFRNTCwgbGlrZSBHZWNrbykgQ2hyb21lLzg2LjAuNDI0MC4xOTggU2FmYXJpLzUzNy4zNiIsImlhdCI6MTYwNjg3MTI2OH0.hshh5r9-_j1QB6y1oJIiaun4SpnigtAScmpYG0bg9UY', '2021-01-02 01:07:48', 1),
	(11, 3, '2020-12-02 03:59:12', 'eyJhbGciOiJIUzI1NiIsInR5cCI6IkpXVCJ9.eyJyb2xlIjoidXNlciIsImlkIjozLCJ1c2VybmFtZSI6Im1pa2ExOTEiLCJleHAiOjE2MDk1NTYzNTIuOTQzLCJpcCI6Ijo6MSIsInVhIjoiTW96aWxsYS81LjAgKFdpbmRvd3MgTlQgMTAuMDsgV2luNjQ7IHg2NCkgQXBwbGVXZWJLaXQvNTM3LjM2IChLSFRNTCwgbGlrZSBHZWNrbykgQ2hyb21lLzg2LjAuNDI0MC4xOTggU2FmYXJpLzUzNy4zNiIsImlhdCI6MTYwNjg3Nzk1Mn0.8TUf-1ZsoNdcCufY5Iy05WOFHfXRWFaeHlVWa9wcDLQ', '2021-01-02 02:59:12', 1),
	(12, 3, '2020-12-02 04:56:43', 'eyJhbGciOiJIUzI1NiIsInR5cCI6IkpXVCJ9.eyJyb2xlIjoidXNlciIsImlkIjozLCJ1c2VybmFtZSI6Im1pa2ExOTEiLCJleHAiOjE2MDk1NTk4MDMuODk4LCJpcCI6Ijo6MSIsInVhIjoiTW96aWxsYS81LjAgKFdpbmRvd3MgTlQgMTAuMDsgV2luNjQ7IHg2NCkgQXBwbGVXZWJLaXQvNTM3LjM2IChLSFRNTCwgbGlrZSBHZWNrbykgQ2hyb21lLzg2LjAuNDI0MC4xOTggU2FmYXJpLzUzNy4zNiIsImlhdCI6MTYwNjg4MTQwM30.jOo_a0VgwJDnnSzqEg2VV-l16JHQD88rtQvEZ9DiD6s', '2021-01-02 03:56:43', 1),
	(13, 3, '2020-12-02 04:56:55', 'eyJhbGciOiJIUzI1NiIsInR5cCI6IkpXVCJ9.eyJyb2xlIjoidXNlciIsImlkIjozLCJ1c2VybmFtZSI6Im1pa2ExOTEiLCJleHAiOjE2MDk1NTk4MTUuNTczLCJpcCI6Ijo6MSIsInVhIjoiTW96aWxsYS81LjAgKFdpbmRvd3MgTlQgMTAuMDsgV2luNjQ7IHg2NCkgQXBwbGVXZWJLaXQvNTM3LjM2IChLSFRNTCwgbGlrZSBHZWNrbykgQ2hyb21lLzg2LjAuNDI0MC4xOTggU2FmYXJpLzUzNy4zNiIsImlhdCI6MTYwNjg4MTQxNX0.2vfYjPFVWmYMksMcUtFW_dHYdh7GdEh5oqb5YAV1REM', '2021-01-02 03:56:55', 1),
	(14, 9, '2020-12-02 04:57:27', 'eyJhbGciOiJIUzI1NiIsInR5cCI6IkpXVCJ9.eyJyb2xlIjoidXNlciIsImlkIjo5LCJ1c2VybmFtZSI6Im1pcmtvZW5nbGV6IiwiZXhwIjoxNjA5NTU5ODQ3Ljg2NCwiaXAiOiI6OjEiLCJ1YSI6Ik1vemlsbGEvNS4wIChXaW5kb3dzIE5UIDEwLjA7IFdpbjY0OyB4NjQpIEFwcGxlV2ViS2l0LzUzNy4zNiAoS0hUTUwsIGxpa2UgR2Vja28pIENocm9tZS84Ni4wLjQyNDAuMTk4IFNhZmFyaS81MzcuMzYiLCJpYXQiOjE2MDY4ODE0NDd9.WdpAk44q4fnplNhQ0y3JW2boEO1Te7bJ9eNHqX1_LmI', '2021-01-02 03:57:27', 1),
	(15, 3, '2020-12-02 05:09:18', 'eyJhbGciOiJIUzI1NiIsInR5cCI6IkpXVCJ9.eyJyb2xlIjoidXNlciIsImlkIjozLCJ1c2VybmFtZSI6Im1pa2ExOTEiLCJleHAiOjE2MDk1NjA1NTguODYsImlwIjoiOjoxIiwidWEiOiJNb3ppbGxhLzUuMCAoV2luZG93cyBOVCAxMC4wOyBXaW42NDsgeDY0KSBBcHBsZVdlYktpdC81MzcuMzYgKEtIVE1MLCBsaWtlIEdlY2tvKSBDaHJvbWUvODYuMC40MjQwLjE5OCBTYWZhcmkvNTM3LjM2IiwiaWF0IjoxNjA2ODgyMTU4fQ.krfy0wqK477tmRUlJXSDfsyn6ROeZ9KW4wpTprB5wg4', '2021-01-02 04:09:18', 1),
	(16, 3, '2020-12-02 05:10:54', 'eyJhbGciOiJIUzI1NiIsInR5cCI6IkpXVCJ9.eyJyb2xlIjoidXNlciIsImlkIjozLCJ1c2VybmFtZSI6Im1pa2ExOTEiLCJleHAiOjE2MDk1NjA2NTQuMzc0LCJpcCI6Ijo6MSIsInVhIjoiTW96aWxsYS81LjAgKFdpbmRvd3MgTlQgMTAuMDsgV2luNjQ7IHg2NCkgQXBwbGVXZWJLaXQvNTM3LjM2IChLSFRNTCwgbGlrZSBHZWNrbykgQ2hyb21lLzg2LjAuNDI0MC4xOTggU2FmYXJpLzUzNy4zNiIsImlhdCI6MTYwNjg4MjI1NH0.6o2a4uYlDWWPXHFib_WVQofw5vywFpWrhqK0XZ0Z1ns', '2021-01-02 04:10:54', 1),
	(17, 3, '2020-12-02 05:16:16', 'eyJhbGciOiJIUzI1NiIsInR5cCI6IkpXVCJ9.eyJyb2xlIjoidXNlciIsImlkIjozLCJ1c2VybmFtZSI6Im1pa2ExOTEiLCJleHAiOjE2MDk1NjA5NzYuNzY1LCJpcCI6Ijo6MSIsInVhIjoiTW96aWxsYS81LjAgKFdpbmRvd3MgTlQgMTAuMDsgV2luNjQ7IHg2NCkgQXBwbGVXZWJLaXQvNTM3LjM2IChLSFRNTCwgbGlrZSBHZWNrbykgQ2hyb21lLzg2LjAuNDI0MC4xOTggU2FmYXJpLzUzNy4zNiIsImlhdCI6MTYwNjg4MjU3Nn0.sTxqQW_9Mot2ktOjIOqr8cBgAmj4iaVm0ZKX-pznbgg', '2021-01-02 04:16:16', 1),
	(18, 3, '2020-12-02 05:28:26', 'eyJhbGciOiJIUzI1NiIsInR5cCI6IkpXVCJ9.eyJyb2xlIjoidXNlciIsImlkIjozLCJ1c2VybmFtZSI6Im1pa2ExOTEiLCJleHAiOjE2MDk1NjE3MDYuNTY3LCJpcCI6Ijo6MSIsInVhIjoiTW96aWxsYS81LjAgKFdpbmRvd3MgTlQgMTAuMDsgV2luNjQ7IHg2NCkgQXBwbGVXZWJLaXQvNTM3LjM2IChLSFRNTCwgbGlrZSBHZWNrbykgQ2hyb21lLzg2LjAuNDI0MC4xOTggU2FmYXJpLzUzNy4zNiIsImlhdCI6MTYwNjg4MzMwNn0.ZO8nzo3pkv6ZkKZYlRiub3LD2IeiFIa9sWgaIka8wsM', '2021-01-02 04:28:26', 1),
	(19, 3, '2020-12-02 05:43:42', 'eyJhbGciOiJIUzI1NiIsInR5cCI6IkpXVCJ9.eyJyb2xlIjoidXNlciIsImlkIjozLCJ1c2VybmFtZSI6Im1pa2ExOTEiLCJleHAiOjE2MDk1NjI2MjIuNjQ5LCJpcCI6Ijo6MSIsInVhIjoiTW96aWxsYS81LjAgKFdpbmRvd3MgTlQgMTAuMDsgV2luNjQ7IHg2NCkgQXBwbGVXZWJLaXQvNTM3LjM2IChLSFRNTCwgbGlrZSBHZWNrbykgQ2hyb21lLzg2LjAuNDI0MC4xOTggU2FmYXJpLzUzNy4zNiIsImlhdCI6MTYwNjg4NDIyMn0.SKgfA95Qv8UpS7gORsJxLH4Gr1omjeB5I6hSsB34SnE', '2021-01-02 04:43:42', 1),
	(20, 3, '2020-12-02 05:49:13', 'eyJhbGciOiJIUzI1NiIsInR5cCI6IkpXVCJ9.eyJyb2xlIjoidXNlciIsImlkIjozLCJ1c2VybmFtZSI6Im1pa2ExOTEiLCJleHAiOjE2MDk1NjI5NTMuODU0LCJpcCI6Ijo6MSIsInVhIjoiTW96aWxsYS81LjAgKFdpbmRvd3MgTlQgMTAuMDsgV2luNjQ7IHg2NCkgQXBwbGVXZWJLaXQvNTM3LjM2IChLSFRNTCwgbGlrZSBHZWNrbykgQ2hyb21lLzg2LjAuNDI0MC4xOTggU2FmYXJpLzUzNy4zNiIsImlhdCI6MTYwNjg4NDU1M30.chhk8sZuQKQ5DViQTlE5-DwEPlNEzRjYAPYgpGM8GHo', '2021-01-02 04:49:13', 1),
	(21, 3, '2020-12-02 05:54:20', 'eyJhbGciOiJIUzI1NiIsInR5cCI6IkpXVCJ9.eyJyb2xlIjoidXNlciIsImlkIjozLCJ1c2VybmFtZSI6Im1pa2ExOTEiLCJleHAiOjE2MDk1NjMyNjAuNjkyLCJpcCI6Ijo6MSIsInVhIjoiTW96aWxsYS81LjAgKFdpbmRvd3MgTlQgMTAuMDsgV2luNjQ7IHg2NCkgQXBwbGVXZWJLaXQvNTM3LjM2IChLSFRNTCwgbGlrZSBHZWNrbykgQ2hyb21lLzg2LjAuNDI0MC4xOTggU2FmYXJpLzUzNy4zNiIsImlhdCI6MTYwNjg4NDg2MH0.GuWbyhQPlkVv37K2glSEb7RaXStmPRDO7bKDn2MoCUs', '2021-01-02 04:54:20', 1),
	(22, 3, '2020-12-02 05:59:49', 'eyJhbGciOiJIUzI1NiIsInR5cCI6IkpXVCJ9.eyJyb2xlIjoidXNlciIsImlkIjozLCJ1c2VybmFtZSI6Im1pa2ExOTEiLCJleHAiOjE2MDk1NjM1ODkuMjIxLCJpcCI6Ijo6MSIsInVhIjoiTW96aWxsYS81LjAgKFdpbmRvd3MgTlQgMTAuMDsgV2luNjQ7IHg2NCkgQXBwbGVXZWJLaXQvNTM3LjM2IChLSFRNTCwgbGlrZSBHZWNrbykgQ2hyb21lLzg2LjAuNDI0MC4xOTggU2FmYXJpLzUzNy4zNiIsImlhdCI6MTYwNjg4NTE4OX0._By2uVNxbDsulXyX9mdesYTwv958_cs4H1k8KEzNl2w', '2021-01-02 04:59:49', 1),
	(23, 3, '2020-12-02 14:25:21', 'eyJhbGciOiJIUzI1NiIsInR5cCI6IkpXVCJ9.eyJyb2xlIjoidXNlciIsImlkIjozLCJ1c2VybmFtZSI6Im1pa2ExOTEiLCJleHAiOjE2MDk1OTM5MjEuODQzLCJpcCI6Ijo6MSIsInVhIjoiTW96aWxsYS81LjAgKFdpbmRvd3MgTlQgMTAuMDsgV2luNjQ7IHg2NCkgQXBwbGVXZWJLaXQvNTM3LjM2IChLSFRNTCwgbGlrZSBHZWNrbykgQ2hyb21lLzg2LjAuNDI0MC4xOTggU2FmYXJpLzUzNy4zNiIsImlhdCI6MTYwNjkxNTUyMX0.bDIjkCTQyAB_vPTX3eCw4qnyyEQYaXKlU3BGr3PwP58', '2021-01-02 13:25:21', 1),
	(24, 3, '2020-12-02 14:36:54', 'eyJhbGciOiJIUzI1NiIsInR5cCI6IkpXVCJ9.eyJyb2xlIjoidXNlciIsImlkIjozLCJ1c2VybmFtZSI6Im1pa2ExOTEiLCJleHAiOjE2MDk1OTQ2MTQuMjc1LCJpcCI6Ijo6MSIsInVhIjoiTW96aWxsYS81LjAgKFdpbmRvd3MgTlQgMTAuMDsgV2luNjQ7IHg2NCkgQXBwbGVXZWJLaXQvNTM3LjM2IChLSFRNTCwgbGlrZSBHZWNrbykgQ2hyb21lLzg2LjAuNDI0MC4xOTggU2FmYXJpLzUzNy4zNiIsImlhdCI6MTYwNjkxNjIxNH0.qPITGQrQIm4q1JvSq1Depypq7-XL48cjN6zNH26EUkQ', '2021-01-02 13:36:54', 1),
	(25, 3, '2020-12-02 14:49:36', 'eyJhbGciOiJIUzI1NiIsInR5cCI6IkpXVCJ9.eyJyb2xlIjoidXNlciIsImlkIjozLCJ1c2VybmFtZSI6Im1pa2ExOTEiLCJleHAiOjE2MDk1OTUzNzYuNDU2LCJpcCI6Ijo6MSIsInVhIjoiTW96aWxsYS81LjAgKFdpbmRvd3MgTlQgMTAuMDsgV2luNjQ7IHg2NCkgQXBwbGVXZWJLaXQvNTM3LjM2IChLSFRNTCwgbGlrZSBHZWNrbykgQ2hyb21lLzg2LjAuNDI0MC4xOTggU2FmYXJpLzUzNy4zNiIsImlhdCI6MTYwNjkxNjk3Nn0.mLPdn99vsOFILsmvNfE0kYxvJ65sXbohcYvFFtXBiMQ', '2021-01-02 13:49:36', 1),
	(26, 3, '2020-12-02 15:03:55', 'eyJhbGciOiJIUzI1NiIsInR5cCI6IkpXVCJ9.eyJyb2xlIjoidXNlciIsImlkIjozLCJ1c2VybmFtZSI6Im1pa2ExOTEiLCJleHAiOjE2MDk1OTYyMzUuMjMzLCJpcCI6Ijo6MSIsInVhIjoiTW96aWxsYS81LjAgKFdpbmRvd3MgTlQgMTAuMDsgV2luNjQ7IHg2NCkgQXBwbGVXZWJLaXQvNTM3LjM2IChLSFRNTCwgbGlrZSBHZWNrbykgQ2hyb21lLzg2LjAuNDI0MC4xOTggU2FmYXJpLzUzNy4zNiIsImlhdCI6MTYwNjkxNzgzNX0.KWZM-rhL_ukRP1K2-WTWvv93fdJ0JdgAOj2j0rJ0aCs', '2021-01-02 14:03:55', 1),
	(27, 3, '2020-12-02 15:07:55', 'eyJhbGciOiJIUzI1NiIsInR5cCI6IkpXVCJ9.eyJyb2xlIjoidXNlciIsImlkIjozLCJ1c2VybmFtZSI6Im1pa2ExOTEiLCJleHAiOjE2MDk1OTY0NzUuNzU5LCJpcCI6Ijo6MSIsInVhIjoiTW96aWxsYS81LjAgKFdpbmRvd3MgTlQgMTAuMDsgV2luNjQ7IHg2NCkgQXBwbGVXZWJLaXQvNTM3LjM2IChLSFRNTCwgbGlrZSBHZWNrbykgQ2hyb21lLzg2LjAuNDI0MC4xOTggU2FmYXJpLzUzNy4zNiIsImlhdCI6MTYwNjkxODA3NX0.x-zb8IoMJeU9QZKjYQKG9nDMmXYKsZPdX2QYNSlLuRY', '2021-01-02 14:07:55', 1),
	(28, 3, '2020-12-02 15:08:13', 'eyJhbGciOiJIUzI1NiIsInR5cCI6IkpXVCJ9.eyJyb2xlIjoidXNlciIsImlkIjozLCJ1c2VybmFtZSI6Im1pa2ExOTEiLCJleHAiOjE2MDk1OTY0OTMuMjMsImlwIjoiOjoxIiwidWEiOiJNb3ppbGxhLzUuMCAoV2luZG93cyBOVCAxMC4wOyBXaW42NDsgeDY0KSBBcHBsZVdlYktpdC81MzcuMzYgKEtIVE1MLCBsaWtlIEdlY2tvKSBDaHJvbWUvODYuMC40MjQwLjE5OCBTYWZhcmkvNTM3LjM2IiwiaWF0IjoxNjA2OTE4MDkzfQ.Pg7h7fx0hxOuRPJRXl9O6om2gHebKGpuAtTJ3pk7kZY', '2021-01-02 14:08:13', 1),
	(29, 3, '2020-12-02 15:13:28', 'eyJhbGciOiJIUzI1NiIsInR5cCI6IkpXVCJ9.eyJyb2xlIjoidXNlciIsImlkIjozLCJ1c2VybmFtZSI6Im1pa2ExOTEiLCJleHAiOjE2MDk1OTY4MDguOTAxLCJpcCI6Ijo6MSIsInVhIjoiTW96aWxsYS81LjAgKFdpbmRvd3MgTlQgMTAuMDsgV2luNjQ7IHg2NCkgQXBwbGVXZWJLaXQvNTM3LjM2IChLSFRNTCwgbGlrZSBHZWNrbykgQ2hyb21lLzg2LjAuNDI0MC4xOTggU2FmYXJpLzUzNy4zNiIsImlhdCI6MTYwNjkxODQwOH0.-Njt-tIR21Nje-NnMQHPJt4c9aSxbVPF5iT2SkAnOxg', '2021-01-02 14:13:28', 1),
	(30, 3, '2020-12-02 16:10:25', 'eyJhbGciOiJIUzI1NiIsInR5cCI6IkpXVCJ9.eyJyb2xlIjoidXNlciIsImlkIjozLCJ1c2VybmFtZSI6Im1pa2ExOTEiLCJleHAiOjE2MDk2MDAyMjUuOTkyLCJpcCI6Ijo6MSIsInVhIjoiTW96aWxsYS81LjAgKFdpbmRvd3MgTlQgMTAuMDsgV2luNjQ7IHg2NCkgQXBwbGVXZWJLaXQvNTM3LjM2IChLSFRNTCwgbGlrZSBHZWNrbykgQ2hyb21lLzg2LjAuNDI0MC4xOTggU2FmYXJpLzUzNy4zNiIsImlhdCI6MTYwNjkyMTgyNX0.sEo7aWRmvrKmK2dAE-O2HC1eHqVd5MrOEb7u6JJsZFc', '2021-01-02 15:10:25', 1);
/*!40000 ALTER TABLE `user_token` ENABLE KEYS */;

/*!40101 SET SQL_MODE=IFNULL(@OLD_SQL_MODE, '') */;
/*!40014 SET FOREIGN_KEY_CHECKS=IF(@OLD_FOREIGN_KEY_CHECKS IS NULL, 1, @OLD_FOREIGN_KEY_CHECKS) */;
/*!40101 SET CHARACTER_SET_CLIENT=@OLD_CHARACTER_SET_CLIENT */;
